num_tokens,fp16_latency (ms),fp16_c_latency (ms),fp8_c_time (ms),fp8_c_sparse_time (ms),fp8_c_activation_sparse_time (ms),speedup
64,166.33599996566772,163.35999965667725,103.20000350475311,73.7600028514862,106.27199709415436,0.9710931037959178
128,155.16799688339233,153.56799960136414,98.88000041246414,76.25599950551987,111.13599687814713,0.8897207312665686
256,167.39200055599213,167.9999977350235,110.78400164842606,81.11999928951263,117.85600334405899,0.9399945569595847
512,213.8880044221878,213.24799954891205,146.30399644374847,115.13599753379822,151.48800611495972,0.9657794052205212
1024,404.09600734710693,394.9759900569916,257.4079930782318,198.88000190258026,251.00800395011902,1.0254971515943556
2048,825.3120183944702,813.215970993042,488.2560074329376,385.919988155365,473.2480049133301,1.0317127644782276
4096,1690.8799409866333,1631.7119598388672,986.7839813232422,820.2239871025085,940.8000111579895,1.0488775187286117
8192,3342.7839279174805,3308.3200454711914,1913.856029510498,2009.376049041748,2040.8639907836914,0.9377675524450689
