num_tokens,fp16_latency (ms),fp16_c_latency (ms),fp8_c_time (ms),fp8_c_sparse_time (ms),fp8_c_activation_sparse_time (ms),speedup
64,167.77600347995758,164.19200599193573,103.35999727249146,74.27199929952621,104.73600029945374,0.9868621770639693
128,156.09599649906158,152.25599706172943,98.30400347709656,82.04799890518188,107.2319969534874,0.9167413297332939
256,167.4879938364029,165.12000560760498,111.48799955844879,81.60000294446945,117.63200163841248,0.9477692975177822
512,215.80800414085388,207.93600380420685,146.81600034236908,115.03999680280685,150.78400075435638,0.9736842079256697
1024,405.40799498558044,398.49600195884705,257.0880055427551,198.68800044059753,252.16001272201538,1.0195431177510783
2048,820.2559947967529,802.079975605011,483.42400789260864,385.6959939002991,473.7919867038727,1.0203296414017997
4096,1613.6640310287476,1648.959994316101,970.0480103492737,817.791998386383,934.6240162849426,1.0379018658274357
8192,3384.864091873169,3305.4399490356445,1932.2240352630615,1992.5440549850464,2040.5120849609375,0.9469309441997502
