cutlass_reference (ms),cutlass_custom (ms)
127.23200023174286,28.704000636935234
