cutlass_reference (ms),cutlass_custom (ms)
127.13600695133209,65.95200300216675
