cutlass_reference (ms),cutlass_custom (ms)
127.87200510501862,59.487998485565186
